STATE ORGANIZATION CODE,ATTENDING INSTITUTION CODE PREID,NAME OF ATTENDING INSTITUTION PREID,TESTING ATTENDING INSTITUTION CODE,NAME OF TESTING ATTENDING INSTITUTION,RESPONSIBLE ATTENDING INSTITUTION CODE,RESPONSIBLE ATTENDING INSTITUTION NAME,DISTRICT NAME,COHORT YEAR,STUDENT LAST OR SURNAME,STUDENT FIRST NAME,MIDDLE INITIAL,SEX,RACE ETHNICITY STUDENT RESPONSE,DERIVED AGGREGATE RACE ETHNICITY,BIRTH DATE,COLLEGE BOARD STUDENT ID,SECONDARY SCHOOL STUDENT ID,HOMESCHOOLED INDICATOR,STUDENT SEARCH SERVICE,PROJECTED GRADUATION DATE,FILLER1,SAT REGISTRATION NUMBER,STATE SPONSORED ASSESSMENT DATE,GRADE LEVEL WHEN ASSESSED,STUDENT PARTICIPATED INDICATOR,TOTAL SCORE,EVIDENCE BASED READING AND WRITING SECTION SCORE,MATH SECTION SCORE,READING TEST SCORE,WRITING AND LANGUAGE TEST SCORE,MATH TEST SCORE,ANALYSIS IN SCIENCE CROSS TEST SCORE,ANALYSIS IN HISTORY SOCIAL SCIENCE CROSS TEST SCORE,RELEVANT WORDS IN CONTEXT SUBSCORE,COMMAND OF EVIDENCE SUBSCORE,EXPRESSION OF IDEAS SUBSCORE,STANDARD ENGLISH CONVENTIONS SUBSCORE,HEART OF ALGEBRA SUBSCORE,PASSPORT TO ADVANCED MATHEMATICS SUBSCORE,PROBLEM SOLVING AND DATA ANALYSIS SUBSCORE,ESSAY READING SUBSCORE,ESSAY ANALYSIS SUBSCORE,ESSAY WRITING SUBSCORE,FILLER2,ACCOMMODATIONS USED,SAA INDICATOR,ACCOMMODATION TYPE USED,COLLEGE REPORTABLE INDICATOR,MAKE UP INDICATOR,REVISED SCORE INDICATOR,STUDENT CANCELLED SCORE,INVALIDATED SCORE,INVALIDATED REASON,SCORE HOLD,SCORE HOLD NAME,NATIONALLY REPRESENTATIVE SAMPLE PERCENTILE TOTAL SCORE,NATIONALLY REPRESENTATIVE SAMPLE PERCENTILE EVIDENCE BASED READING AND WRITING SECTION,NATIONALLY REPRESENTATIVE SAMPLE PERCENTILE MATH SECTION,NATIONALLY REPRESENTATIVE SAMPLE PERCENTILE READING TEST,NATIONALLY REPRESENTATIVE SAMPLE PERCENTILE WRITING AND LANGUAGE TEST,NATIONALLY REPRESENTATIVE SAMPLE PERCENTILE MATH TEST,NATIONALLY REPRESENTATIVE SAMPLE PERCENTILE ANALYSIS IN SCIENCE CROSS TEST,NATIONALLY REPRESENTATIVE SAMPLE PERCENTILE ANALYSIS IN HISTORY SOCIAL STUDIES CROSS TEST,NATIONALLY REPRESENTATIVE SAMPLE PERCENTILE RELEVANT WORDS IN CONTEXT SUBSCORE,NATIONALLY REPRESENTATIVE SAMPLE PERCENTILE COMMAND OF EVIDENCE SUBSCORE,NATIONALLY REPRESENTATIVE SAMPLE PERCENTILE EXPRESSION OF IDEAS SUBSCORE,NATIONALLY REPRESENTATIVE SAMPLE PERCENTILE STANDARD ENGLISH CONVENTIONS SUBSCORE,NATIONALLY REPRESENTATIVE SAMPLE PERCENTILE HEART OF ALGEBRA SUBSCORE,NATIONALLY REPRESENTATIVE SAMPLE PERCENTILE PASSPORT TO ADVANCED MATHEMATICS SUBSCORE,NATIONALLY REPRESENTATIVE SAMPLE PERCENTILE PROBLEM SOLVING AND DATA ANALYSIS SUBSCORE,SAT USER PERCENTILE NATIONAL TOTAL SCORE,SAT USER PERCENTILE NATIONAL EVIDENCE BASED READING AND WRITING,SAT USER PERCENTILE NATIONAL MATH,SAT USER PERCENTILE NATIONAL READING TEST,SAT USER PERCENTILE NATIONAL WRITING AND LANGUAGE TEST,SAT USER PERCENTILE NATIONAL MATH TEST,SAT USER PERCENTILE NATIONAL ANALYSIS IN SCIENCE CROSSTEST,SAT USER PERCENTILE NATIONAL ANALYSIS IN HISTORY SOCIAL STUDIES CROSSTEST,SAT USER PERCENTILE NATIONAL RELEVANT WORDS IN CONTEXT SUBSCORE,SAT USER PERCENTILE NATIONAL COMMAND OF EVIDENCE SUBSCORE,SAT USER PERCENTILE NATIONAL EXPRESSION OF IDEAS SUBSCORE,SAT USER PERCENTILE NATIONAL STANDARD ENGLISH CONVENTIONS SUBSCORE,SAT USER PERCENTILE NATIONAL HEART OF ALGEBRA SUBSCORE,SAT USER PERCENTILE NATIONAL PASSPORT TO ADVANCED MATHEMATICS SUBSCORE,SAT USER PERCENTILE NATIONAL PROBLEM SOLVING AND DATA ANALYSIS SUBSCORE,EVIDENCE BASED READING AND WRITING CCR BENCHMARK INDICATOR,MATH CCR BENCHMARK INDICATOR,FILLER3,NUMBER OF READING TEST QUESTIONS,STUDENT ANSWERS TO READING TEST QUESTION 1,STUDENT ANSWERS TO READING TEST QUESTION 2,STUDENT ANSWERS TO READING TEST QUESTION 3,STUDENT ANSWERS TO READING TEST QUESTION 4,STUDENT ANSWERS TO READING TEST QUESTION 5,STUDENT ANSWERS TO READING TEST QUESTION 6,STUDENT ANSWERS TO READING TEST QUESTION 7,STUDENT ANSWERS TO READING TEST QUESTION 8,STUDENT ANSWERS TO READING TEST QUESTION 9,STUDENT ANSWERS TO READING TEST QUESTION 10,STUDENT ANSWERS TO READING TEST QUESTION 11,STUDENT ANSWERS TO READING TEST QUESTION 12,STUDENT ANSWERS TO READING TEST QUESTION 13,STUDENT ANSWERS TO READING TEST QUESTION 14,STUDENT ANSWERS TO READING TEST QUESTION 15,STUDENT ANSWERS TO READING TEST QUESTION 16,STUDENT ANSWERS TO READING TEST QUESTION 17,STUDENT ANSWERS TO READING TEST QUESTION 18,STUDENT ANSWERS TO READING TEST QUESTION 19,STUDENT ANSWERS TO READING TEST QUESTION 20,STUDENT ANSWERS TO READING TEST QUESTION 21,STUDENT ANSWERS TO READING TEST QUESTION 22,STUDENT ANSWERS TO READING TEST QUESTION 23,STUDENT ANSWERS TO READING TEST QUESTION 24,STUDENT ANSWERS TO READING TEST QUESTION 25,STUDENT ANSWERS TO READING TEST QUESTION 26,STUDENT ANSWERS TO READING TEST QUESTION 27,STUDENT ANSWERS TO READING TEST QUESTION 28,STUDENT ANSWERS TO READING TEST QUESTION 29,STUDENT ANSWERS TO READING TEST QUESTION 30,STUDENT ANSWERS TO READING TEST QUESTION 31,STUDENT ANSWERS TO READING TEST QUESTION 32,STUDENT ANSWERS TO READING TEST QUESTION 33,STUDENT ANSWERS TO READING TEST QUESTION 34,STUDENT ANSWERS TO READING TEST QUESTION 35,STUDENT ANSWERS TO READING TEST QUESTION 36,STUDENT ANSWERS TO READING TEST QUESTION 37,STUDENT ANSWERS TO READING TEST QUESTION 38,STUDENT ANSWERS TO READING TEST QUESTION 39,STUDENT ANSWERS TO READING TEST QUESTION 40,STUDENT ANSWERS TO READING TEST QUESTION 41,STUDENT ANSWERS TO READING TEST QUESTION 42,STUDENT ANSWERS TO READING TEST QUESTION 43,STUDENT ANSWERS TO READING TEST QUESTION 44,STUDENT ANSWERS TO READING TEST QUESTION 45,STUDENT ANSWERS TO READING TEST QUESTION 46,STUDENT ANSWERS TO READING TEST QUESTION 47,STUDENT ANSWERS TO READING TEST QUESTION 48,STUDENT ANSWERS TO READING TEST QUESTION 49,STUDENT ANSWERS TO READING TEST QUESTION 50,STUDENT ANSWERS TO READING TEST QUESTION 51,STUDENT ANSWERS TO READING TEST QUESTION 52,STUDENT CORRECT ANSWERS TO READING TEST QUESTIONS,STUDENT INCORRECT ANSWERS TO READING TEST QUESTIONS,STUDENT OMITTED READING TEST QUESTIONS,FILLER4,NUMBER OF WRITING AND LANGUAGE TEST QUESTIONS,STUDENT ANSWERS TO WRITING AND LANGUAGE TEST QUESTION 1,STUDENT ANSWERS TO WRITING AND LANGUAGE TEST QUESTION 2,STUDENT ANSWERS TO WRITING AND LANGUAGE TEST QUESTION 3,STUDENT ANSWERS TO WRITING AND LANGUAGE TEST QUESTION 4,STUDENT ANSWERS TO WRITING AND LANGUAGE TEST QUESTION 5,STUDENT ANSWERS TO WRITING AND LANGUAGE TEST QUESTION 6,STUDENT ANSWERS TO WRITING AND LANGUAGE TEST QUESTION 7,STUDENT ANSWERS TO WRITING AND LANGUAGE TEST QUESTION 8,STUDENT ANSWERS TO WRITING AND LANGUAGE TEST QUESTION 9,STUDENT ANSWERS TO WRITING AND LANGUAGE TEST QUESTION 10,STUDENT ANSWERS TO WRITING AND LANGUAGE TEST QUESTION 11,STUDENT ANSWERS TO WRITING AND LANGUAGE TEST QUESTION 12,STUDENT ANSWERS TO WRITING AND LANGUAGE TEST QUESTION 13,STUDENT ANSWERS TO WRITING AND LANGUAGE TEST QUESTION 14,STUDENT ANSWERS TO WRITING AND LANGUAGE TEST QUESTION 15,STUDENT ANSWERS TO WRITING AND LANGUAGE TEST QUESTION 16,STUDENT ANSWERS TO WRITING AND LANGUAGE TEST QUESTION 17,STUDENT ANSWERS TO WRITING AND LANGUAGE TEST QUESTION 18,STUDENT ANSWERS TO WRITING AND LANGUAGE TEST QUESTION 19,STUDENT ANSWERS TO WRITING AND LANGUAGE TEST QUESTION 20,STUDENT ANSWERS TO WRITING AND LANGUAGE TEST QUESTION 21,STUDENT ANSWERS TO WRITING AND LANGUAGE TEST QUESTION 22,STUDENT ANSWERS TO WRITING AND LANGUAGE TEST QUESTION 23,STUDENT ANSWERS TO WRITING AND LANGUAGE TEST QUESTION 24,STUDENT ANSWERS TO WRITING AND LANGUAGE TEST QUESTION 25,STUDENT ANSWERS TO WRITING AND LANGUAGE TEST QUESTION 26,STUDENT ANSWERS TO WRITING AND LANGUAGE TEST QUESTION 27,STUDENT ANSWERS TO WRITING AND LANGUAGE TEST QUESTION 28,STUDENT ANSWERS TO WRITING AND LANGUAGE TEST QUESTION 29,STUDENT ANSWERS TO WRITING AND LANGUAGE TEST QUESTION 30,STUDENT ANSWERS TO WRITING AND LANGUAGE TEST QUESTION 31,STUDENT ANSWERS TO WRITING AND LANGUAGE TEST QUESTION 32,STUDENT ANSWERS TO WRITING AND LANGUAGE TEST QUESTION 33,STUDENT ANSWERS TO WRITING AND LANGUAGE TEST QUESTION 34,STUDENT ANSWERS TO WRITING AND LANGUAGE TEST QUESTION 35,STUDENT ANSWERS TO WRITING AND LANGUAGE TEST QUESTION 36,STUDENT ANSWERS TO WRITING AND LANGUAGE TEST QUESTION 37,STUDENT ANSWERS TO WRITING AND LANGUAGE TEST QUESTION 38,STUDENT ANSWERS TO WRITING AND LANGUAGE TEST QUESTION 39,STUDENT ANSWERS TO WRITING AND LANGUAGE TEST QUESTION 40,STUDENT ANSWERS TO WRITING AND LANGUAGE TEST QUESTION 41,STUDENT ANSWERS TO WRITING AND LANGUAGE TEST QUESTION 42,STUDENT ANSWERS TO WRITING AND LANGUAGE TEST QUESTION 43,STUDENT ANSWERS TO WRITING AND LANGUAGE TEST QUESTION 44,STUDENT CORRECT ANSWERS TO WRITING AND LANGUAGE TEST QUESTIONS,STUDENT INCORRECT ANSWERS TO WRITING AND LANGUAGE TEST QUESTIONS,STUDENT OMITTED WRITING AND LANGUAGE TEST QUESTIONS,FILLER5,NUMBER OF MATH NO CALC TEST MULTIPLE CHOICE QUESTIONS,NUMBER OF MATH NO CALC TEST PRODUCED RESPONSE QUESTIONS,STUDENT ANSWERS TO MATH NO CALC TEST MULTIPLE CHOICE QUESTION 1,STUDENT ANSWERS TO MATH NO CALC TEST MULTIPLE CHOICE QUESTION 2,STUDENT ANSWERS TO MATH NO CALC TEST MULTIPLE CHOICE QUESTION 3,STUDENT ANSWERS TO MATH NO CALC TEST MULTIPLE CHOICE QUESTION 4,STUDENT ANSWERS TO MATH NO CALC TEST MULTIPLE CHOICE QUESTION 5,STUDENT ANSWERS TO MATH NO CALC TEST MULTIPLE CHOICE QUESTION 6,STUDENT ANSWERS TO MATH NO CALC TEST MULTIPLE CHOICE QUESTION 7,STUDENT ANSWERS TO MATH NO CALC TEST MULTIPLE CHOICE QUESTION 8,STUDENT ANSWERS TO MATH NO CALC TEST MULTIPLE CHOICE QUESTION 9,STUDENT ANSWERS TO MATH NO CALC TEST MULTIPLE CHOICE QUESTION 10,STUDENT ANSWERS TO MATH NO CALC TEST MULTIPLE CHOICE QUESTION 11,STUDENT ANSWERS TO MATH NO CALC TEST MULTIPLE CHOICE QUESTION 12,STUDENT ANSWERS TO MATH NO CALC TEST MULTIPLE CHOICE QUESTION 13,STUDENT ANSWERS TO MATH NO CALC TEST MULTIPLE CHOICE QUESTION 14,STUDENT ANSWERS TO MATH NO CALC TEST MULTIPLE CHOICE QUESTION 15,STUDENT ANSWERS TO MATH NO CALC TEST PRODUCED RESPONSE QUESTION 1,STUDENT ANSWERS TO MATH NO CALC TEST PRODUCED RESPONSE QUESTION 2,STUDENT ANSWERS TO MATH NO CALC TEST PRODUCED RESPONSE QUESTION 3,STUDENT ANSWERS TO MATH NO CALC TEST PRODUCED RESPONSE QUESTION 4,STUDENT ANSWERS TO MATH NO CALC TEST PRODUCED RESPONSE QUESTION 5,STUDENT CORRECT ANSWERS TO MATH NO CALC TEST QUESTIONS,STUDENT INCORRECT ANSWERS TO MATH NO CALC TEST QUESTIONS,STUDENT OMITTED MATH NO CALC TEST QUESTIONS,FILLER6,NUMBER OF MATH CALC TEST MULTIPLE CHOICE QUESTIONS,NUMBER OF MATH CALC TEST PRODUCED RESPONSE QUESTIONS,STUDENT ANSWERS TO MATH CALC TEST MULTIPLE CHOICE QUESTIONS1,STUDENT ANSWERS TO MATH CALC TEST MULTIPLE CHOICE QUESTIONS2,STUDENT ANSWERS TO MATH CALC TEST MULTIPLE CHOICE QUESTIONS3,STUDENT ANSWERS TO MATH CALC TEST MULTIPLE CHOICE QUESTIONS4,STUDENT ANSWERS TO MATH CALC TEST MULTIPLE CHOICE QUESTIONS5,STUDENT ANSWERS TO MATH CALC TEST MULTIPLE CHOICE QUESTIONS6,STUDENT ANSWERS TO MATH CALC TEST MULTIPLE CHOICE QUESTIONS7,STUDENT ANSWERS TO MATH CALC TEST MULTIPLE CHOICE QUESTIONS8,STUDENT ANSWERS TO MATH CALC TEST MULTIPLE CHOICE QUESTIONS9,STUDENT ANSWERS TO MATH CALC TEST MULTIPLE CHOICE QUESTIONS10,STUDENT ANSWERS TO MATH CALC TEST MULTIPLE CHOICE QUESTIONS11,STUDENT ANSWERS TO MATH CALC TEST MULTIPLE CHOICE QUESTIONS12,STUDENT ANSWERS TO MATH CALC TEST MULTIPLE CHOICE QUESTIONS13,STUDENT ANSWERS TO MATH CALC TEST MULTIPLE CHOICE QUESTIONS14,STUDENT ANSWERS TO MATH CALC TEST MULTIPLE CHOICE QUESTIONS15,STUDENT ANSWERS TO MATH CALC TEST MULTIPLE CHOICE QUESTIONS16,STUDENT ANSWERS TO MATH CALC TEST MULTIPLE CHOICE QUESTIONS17,STUDENT ANSWERS TO MATH CALC TEST MULTIPLE CHOICE QUESTIONS18,STUDENT ANSWERS TO MATH CALC TEST MULTIPLE CHOICE QUESTIONS19,STUDENT ANSWERS TO MATH CALC TEST MULTIPLE CHOICE QUESTIONS20,STUDENT ANSWERS TO MATH CALC TEST MULTIPLE CHOICE QUESTIONS21,STUDENT ANSWERS TO MATH CALC TEST MULTIPLE CHOICE QUESTIONS22,STUDENT ANSWERS TO MATH CALC TEST MULTIPLE CHOICE QUESTIONS23,STUDENT ANSWERS TO MATH CALC TEST MULTIPLE CHOICE QUESTIONS24,STUDENT ANSWERS TO MATH CALC TEST MULTIPLE CHOICE QUESTIONS25,STUDENT ANSWERS TO MATH CALC TEST MULTIPLE CHOICE QUESTIONS26,STUDENT ANSWERS TO MATH CALC TEST MULTIPLE CHOICE QUESTIONS27,STUDENT ANSWERS TO MATH CALC TEST MULTIPLE CHOICE QUESTIONS28,STUDENT ANSWERS TO MATH CALC TEST MULTIPLE CHOICE QUESTIONS29,STUDENT ANSWERS TO MATH CALC TEST MULTIPLE CHOICE QUESTIONS30,STUDENT ANSWERS TO MATH CALC TEST PRODUCED RESPONSE QUESTION 1,STUDENT ANSWERS TO MATH CALC TEST PRODUCED RESPONSE QUESTION 2,STUDENT ANSWERS TO MATH CALC TEST PRODUCED RESPONSE QUESTION 3,STUDENT ANSWERS TO MATH CALC TEST PRODUCED RESPONSE QUESTION 4,STUDENT ANSWERS TO MATH CALC TEST PRODUCED RESPONSE QUESTION 5,STUDENT ANSWERS TO MATH CALC TEST PRODUCED RESPONSE QUESTION 6,STUDENT ANSWERS TO MATH CALC TEST PRODUCED RESPONSE QUESTION 7,STUDENT ANSWERS TO MATH CALC TEST PRODUCED RESPONSE QUESTION 8,STUDENT CORRECT ANSWERS TO MATH CALC TEST QUESTIONS,STUDENT INCORRECT ANSWERS TO MATH CALC TEST QUESTIONS,STUDENT OMITTED MATH CALC TEST QUESTIONS,FILLER7,LATEST STUDENT SELF ASSESSMENT DATE,GRADE POINT AVERAGE CUMULATIVE,HIGH SCHOOL STUDENT CLASS RANK,FIRST LANGUAGE,BEST LANGUAGE,CITIZENSHIP STATUS,FILLER8,AVG GRADE ARTS AND MUSIC,AVG GRADE ENGLISH,AVG GRADE FOREIGN AND CLASSICAL LANGUAGES,AVG GRADE MATHEMATICS,AVG GRADE NATURAL SCIENCES,AVG GRADE SOCIAL SCIENCES AND HISTORY,HS STUDY DURATION ARTS AND MUSIC,HS HONORS ARTS AND MUSIC,HS STUDY DURATION ENGLISH,HS HONORS ENGLISH,HS STUDY DURATION FOREIGN AND CLASSICAL LANGUAGES,HS HONORS FOREIGN AND CLASSICAL LANGUAGES,HS STUDY DURATION MATHEMATICS,HS HONORS MATHEMATICS,HS STUDY DURATION NATURAL SCIENCES,HS HONORS NATURAL SCIENCES,HS STUDY DURATION SOCIAL SCIENCES AND HISTORY,HS HONORS SOCIAL SCIENCES AND HISTORY,HS STUDY DURATION CHINESE,HS HONORS CHINESE,HS STUDY DURATION FRENCH,HS HONORS FRENCH,HS STUDY DURATION GERMAN,HS HONORS GERMAN,HS STUDY DURATION GREEK,HS HONORS GREEK,HS STUDY DURATION HEBREW,HS HONORS HEBREW,HS STUDY DURATION ITALIAN,HS HONORS ITALIAN,HS STUDY DURATION JAPANESE,HS HONORS JAPANESE,HS STUDY DURATION KOREAN,HS HONORS KOREAN,HS STUDY DURATION LATIN,HS HONORS LATIN,HS STUDY DURATION RUSSIAN,HS HONORS RUSSIAN,HS STUDY DURATION SPANISH,HS HONORS SPANISH,HS STUDY DURATION OTHER LANGUAGE COURSE,HS HONORS OTHER LANGUAGE COURSE,HS STUDY DURATION PRE ALGEBRA,HS HONORS PRE ALGEBRA,HS STUDY DURATION ALGEBRA I,HS HONORS ALGEBRA I,HS STUDY DURATION ALGEBRA II,HS HONORS ALGEBRA II,HS STUDY DURATION GEOMETRY,HS HONORS GEOMETRY,HS STUDY DURATION TRIGONOMETRY,HS HONORS TRIGONOMETRY,HS STUDY DURATION PRECALCULUS,HS HONORS PRECALCULUS,HS STUDY DURATION CALCULUS,HS HONORS CALCULUS,HS STUDY DURATION INTEGRATED MATH PROGRAM,HS HONORS INTEGRATED MATH PROGRAM,HS STUDY DURATION STATISTICS,HS HONORS STATISTICS,HS STUDY DURATION COMPUTER SCIENCE,HS HONORS COMPUTER SCIENCE,HS STUDY DURATION OTHER MATH COURSE,HS HONORS OTHER MATH COURSE,HS STUDY DURATION AMERICAN LITERATURE,HS HONORS AMERICAN LITERATURE,HS STUDY DURATION BRITISH LITERATURE,HS HONORS BRITISH LITERATURE,HS STUDY DURATION COMPOSITION,HS HONORS COMPOSITION,HS STUDY DURATION ENGLISH LANGUAGE ARTS,HS HONORS ENGLISH LANGUAGE ARTS,HS STUDY DURATION LITERATURE OTHER THAN US OR BRITISH,HS HONORS LITERATURE OTHER THAN US OR BRITISH,HS STUDY DURATION JOURNALISM,HS HONORS JOURNALISM,HS STUDY DURATION CREATIVE WRITING,HS HONORS CREATIVE WRITING,HS STUDY DURATION COMMUNICATIONS,HS HONORS COMMUNICATIONS,HS STUDY DURATION PUBLIC SPEAKING,HS HONORS PUBLIC SPEAKING,HS STUDY DURATION ENGLISH AS A SECOND LANGUAGE,HS HONORS ENGLISH AS A SECOND LANGUAGE,HS STUDY DURATION BIOLOGY,HS HONORS BIOLOGY,HS STUDY DURATION CHEMISTRY,HS HONORS CHEMISTRY,HS STUDY DURATION ENVIRONMENTAL EARTH OR SPACE SCIENCE,HS HONORS ENVIRONMENTAL EARTH OR SPACE SCIENCE,HS STUDY DURATION PHYSICS,HS HONORS PHYSICS,HS STUDY DURATION ENGINEERING,HS HONORS ENGINEERING,HS STUDY DURATION OTHER SCIENCE COURSE,HS HONORS OTHER SCIENCE COURSE,HS STUDY DURATION US HISTORY,HS HONORS US HISTORY,HS STUDY DURATION US GOVT CIVICS,HS HONORS US GOVT CIVICS,HS STUDY DURATION EUROPEAN HISTORY,HS HONORS EUROPEAN HISTORY,HS STUDY DURATION WORLD HISTORY,HS HONORS WORLD HISTORY,HS STUDY DURATION ANCIENT HISTORY,HS HONORS ANCIENT HISTORY,HS STUDY DURATION ECONOMICS,HS HONORS ECONOMICS,HS STUDY DURATION GEOGRAPHY,HS HONORS GEOGRAPHY,HS STUDY DURATION PSYCHOLOGY,HS HONORS PSYCHOLOGY,HS STUDY DURATION SOCIOLOGY,HS HONORS SOCIOLOGY,HS STUDY DURATION OTHER SOCIAL SCIENCE OR HISTORY COURSE,HS HONORS OTHER SOCIAL SCIENCE OR HISTORY COURSE,FILLER9,ART MUSIC EXPERIENCE I HAVE NO EXPERIENCE,ART MUSIC EXPERIENCE ACTING PRODUCTION OF A PLAY,ART MUSIC EXPERIENCE ART HIST OR APPRECIATION,ART MUSIC EXPERIENCE DANCE,ART MUSIC EXPERIENCE DRAMA OR THEATER FOR APPRECIATION,ART MUSIC EXPERIENCE MUSIC HISTORY THEORY OR APPRECIATION,ART MUSIC EXPERIENCE MUSIC INSTRUMENTAL OR VOCAL PERFORMANCE,ART MUSIC EXPERIENCE PHOTOGRAPHY OR FILMMAKING,ART MUSIC EXPERIENCE STUDIO ART AND DESIGN,DID YOU PARTICIPATE IN ANY ACTIVITIES,ACTIVITY DESIGNATOR CODE 1,ACTIVITY DESIGNATOR 1 9TH GRADE,ACTIVITY DESIGNATOR 1 10TH GRADE,ACTIVITY DESIGNATOR 1 11TH GRADE,ACTIVITY DESIGNATOR 1 12TH GRADE,ACTIVITY DESIGNATOR 1 OFFICER AWARD,ACTIVITY DESIGNATOR CODE 2,ACTIVITY DESIGNATOR 2 9TH GRADE,ACTIVITY DESIGNATOR 2 10TH GRADE,ACTIVITY DESIGNATOR 2 11TH GRADE,ACTIVITY DESIGNATOR 2 12TH GRADE,ACTIVITY DESIGNATOR 2 OFFICER AWARD,ACTIVITY DESIGNATOR CODE 3,ACTIVITY DESIGNATOR 3 9TH GRADE,ACTIVITY DESIGNATOR 3 10TH GRADE,ACTIVITY DESIGNATOR 3 11TH GRADE,ACTIVITY DESIGNATOR 3 12TH GRADE,ACTIVITY DESIGNATOR 3 OFFICER AWARD,ACTIVITY DESIGNATOR CODE 4,ACTIVITY DESIGNATOR 4 9TH GRADE,ACTIVITY DESIGNATOR 4 10TH GRADE,ACTIVITY DESIGNATOR 4 11TH GRADE,ACTIVITY DESIGNATOR 4 12TH GRADE,ACTIVITY DESIGNATOR 4 OFFICER AWARD,ACTIVITY DESIGNATOR CODE 5,ACTIVITY DESIGNATOR 5 9TH GRADE,ACTIVITY DESIGNATOR 5 10TH GRADE,ACTIVITY DESIGNATOR 5 11TH GRADE,ACTIVITY DESIGNATOR 5 12TH GRADE,ACTIVITY DESIGNATOR 5 OFFICER AWARD,ACTIVITY DESIGNATOR CODE 6,ACTIVITY DESIGNATOR 6 9TH GRADE,ACTIVITY DESIGNATOR 6 10TH GRADE,ACTIVITY DESIGNATOR 6 11TH GRADE,ACTIVITY DESIGNATOR 6 12TH GRADE,ACTIVITY DESIGNATOR 6 OFFICER AWARD,ACTIVITY DESIGNATOR CODE 7,ACTIVITY DESIGNATOR 7 9TH GRADE,ACTIVITY DESIGNATOR 7 10TH GRADE,ACTIVITY DESIGNATOR 7 11TH GRADE,ACTIVITY DESIGNATOR 7 12TH GRADE,ACTIVITY DESIGNATOR 7 OFFICER AWARD,ACTIVITY DESIGNATOR CODE 8,ACTIVITY DESIGNATOR 8 9TH GRADE,ACTIVITY DESIGNATOR 8 10TH GRADE,ACTIVITY DESIGNATOR 8 11TH GRADE,ACTIVITY DESIGNATOR 8 12TH GRADE,ACTIVITY DESIGNATOR 8 OFFICER AWARD,ACTIVITY DESIGNATOR CODE 9,ACTIVITY DESIGNATOR 9 9TH GRADE,ACTIVITY DESIGNATOR 9 10TH GRADE,ACTIVITY DESIGNATOR 9 11TH GRADE,ACTIVITY DESIGNATOR 9 12TH GRADE,ACTIVITY DESIGNATOR 9 OFFICER AWARD,ACTIVITY DESIGNATOR CODE 10,ACTIVITY DESIGNATOR 10 9TH GRADE,ACTIVITY DESIGNATOR 10 10TH GRADE,ACTIVITY DESIGNATOR 10 11TH GRADE,ACTIVITY DESIGNATOR 10 12TH GRADE,ACTIVITY DESIGNATOR 10 OFFICER AWARD,DID YOU PARTICIPATE IN ANY SPORTS,SPORT DESIGNATOR CODE 1,SPORT DESIGNATOR CODE 2,SPORT DESIGNATOR CODE 3,SPORT DESIGNATOR CODE 4,SPORT DESIGNATOR CODE 5,SPORT DESIGNATOR CODE 6,FILLER10,COLLEGE TYPE 4 YEAR COLLEGE OR UNIVERSITY,COLLEGE TYPE 2 YEAR COMMUNITY OR JUNIOR COLLEGE,COLLEGE TYPE VOCATIONAL TECHNICAL SCHOOL,COLLEGE TYPE UNDECIDED,COLLEGE AFFILIATION PUBLIC UNIVERSITY OR COLLEGE,COLLEGE AFFILIATION PRIVATE UNIV OR COLLEGE NOT RELIGIOUS,COLLEGE AFFILIATION PRIVATE RELIGIOUS,COLLEGE AFFILIATION UNDECIDED,COLLEGE SIZE FEWER THAN 2000,COLLEGE SIZE 2000 5000,COLLEGE SIZE 5000 10000,COLLEGE SIZE 10000 15000,COLLEGE SIZE 15000 20000,COLLEGE SIZE MORE THAN 20000,COLLEGE SIZE UNDECIDED,COLLEGE SETTING LARGE CITY,COLLEGE SETTING MEDIUM SIZE CITY,COLLEGE SETTING SMALL CITY,COLLEGE SETTING SUBURBAN COMMUNITY,COLLEGE SETTING RURAL,COLLEGE SETTING UNDECIDED,COLLEGE LOCATION CLOSE TO HOME,COLLEGE LOCATION IN HOME STATE,COLLEGE LOCATION IN STATES BOARDING MINE,COLLEGE LOCATION BEYOND STATES BOARDING MINE,COLLEGE LOCATION OUTSIDE THE US,COLLEGE LOCATION UNDECIDED,COLLEGE SEX TYPE ALL WOMEN OR ALL MEN,COLLEGE SEX TYPE COEDUCATIONAL,COLLEGE SEX TYPE UNDECIDED,COLLEGE HOUSING AT HOME,COLLEGE HOUSING ON CAMPUS,COLLEGE HOUSING OFF CAMPUS,COLLEGE HOUSING UNDECIDED,FILLER11,DEGREE GOAL COLLEGE CERTIFICATE,DEGREE GOAL ASSOCIATE,DEGREE GOAL BACHELORS,DEGREE GOAL MASTERS,DEGREE GOAL DOCTORATE,DEGREE GOAL OTHER,DEGREE GOAL UNDECIDED,FINANCIAL AID,PART TIME JOB,FIRST CHOICE MAJOR,CERTAINTY OF FIRST CHOICE,SECOND CHOICE MAJOR,THIRD CHOICE MAJOR,AP CREDIT,FILLER12,COLLEGE ACTIVITIES HONORS PROGRAM INDEPENDENT,COLLEGE ACTIVITIES ART,COLLEGE ACTIVITIES ATHLETICS INTRAMURAL OR CLUB,COLLEGE ACTIVITIES ATHLETICS VARSITY,COLLEGE ACTIVITIES COMMUNITY OR SERVICE ORG,RECORD NUMBER,FORM CODE,DATE OF REPORT,FILLER13
1,12,XYZ,123,xyz,80126,abc,abc,2019,LastName1,FirstName1,D,M,           ,0,11/21/2000,1,1,,Y,2019-06,,1,4/10/2018,6,Y,1150,580,570,25,33,28.5,27,26,13,8,12,12,9,12,9,6,3,6,,,,,Y,,,,,,,,74,74,73,49,91,73,63,56,94,48,89,89,59,90,57,68,67,67,37,88,67,52,43,93,38,84,87,56,86,53,Y,Y,,52,3,3,2,2,2,1,1,1,3,2,3,3,1,1,3,1,3,2,3,4,2,4,3,4,3,4,3,3,3,4,1,4,1,4,2,1,4,4,2,2,2,4,2,2,2,1,1,2,3,2,4,1,23,29,0,,44,2,3,1,4,3,4,3,3,4,1,1,2,1,4,4,3,3,1,3,4,2,2,4,2,4,2,2,1,3,2,3,2,3,1,2,1,3,2,3,2,1,1,4,1,35,9,0,,15,5,2,2,1,2,3,1,2,1,3,1,4,3,1,1,2,6,6,28,12,100,10,10,0,,30,8,2,4,3,1,3,4,1,3,2,3,2,3,2,3,2,2,1,3,4,4,4,2,2,1,4,2,3,2,3,2,1,55,18,1.5,91,138,48,135,24,14,0,,1/29/2018,4,,1,1,,,,,,,,,,,,,,,,,,,,,,,,,,,,,,,,,,,,,,,,,,,,,,,,,,,,,,,2,,2,,6,,2,,,,,,2,,,,,,2,,,,,,,,,,,,,,2,Y,2,Y,,,2,Y,,,2,,2,,2,,,,2,Y,,,2,,2,,2,Y,,,,,,,,,,,,,,,,,,,,,,,,,,,,,,,,,,,,,,,,,,,,,,,,,,,,,,,,,,,,,,,,,,,,,,,,,,,,,,,,,,,,,,,,,,,,,,,,,,,,,,,,,,,,,,,,,,,,,,,,,,,,,,,,50.0101,,,,,,,,,,,,4414976,6/7/2018,
1,12,XYZ,123,xyz,80158,abc,abc,2019,LastName2,FirstName2,C,M,           ,0,10/18/2000,2,2,,Y,2019-06,,2,4/10/2018,6,Y,980,470,510,23,24,25.5,22,23,7,6,7,8,9,8,8,2,2,4,,,,,Y,,,,,,,,44,38,52,35,40,52,29,34,32,20,33,50,59,50,45,36,28,45,24,33,45,18,23,24,13,24,47,56,45,40,N,N,,52,2,1,4,2,2,2,1,1,4,4,4,4,2,1,4,2,3,2,1,3,1,3,1,3,2,2,4,2,1,3,2,2,4,1,3,4,1,3,1,2,2,2,1,1,2,1,2,1,2,3,2,2,19,33,0,,44,2,1,1,2,3,1,1,1,4,1,3,2,1,4,2,3,4,1,3,1,4,2,4,2,4,3,4,1,3,2,2,2,3,3,2,1,3,2,3,1,1,1,4,1,21,23,0,,15,5,3,2,3,1,3,1,3,1,3,4,4,2,3,2,2,6,3,O,O,O,9,8,3,,30,8,2,4,3,1,3,4,4,3,2,3,1,3,1,3,2,3,2,3,1,1,2,3,1,3,1,2,3,2,2,3,9,10,0.5,2.5,O,O,36,135,17,19,2,,1/29/2018,7,,1,1,,,,,,,,,,,,,,,,,,,,,,,,,,,,,,,,,,,,,,,,,,,,,2,,2,,2,,2,Y,,,2,,,,,,,,,,,,,,,,,,10,Y,,,,,,,,,,,,,2,Y,,,,,,,,,,,2,,2,,,,2,Y,,,,,,,,,,,,,,,,,,,,,,,,,,,,,,,,,,,,,,,,,,,,,,,,,,,,,,,,,,,,,,,,,,,,,,,,,,,,,,,,,,,,,,,,,,,,,,,,,,,,,,,,,,,,,,,,,,,,,,,,,,,,,,,,,,,,,,,,22,,22.0001,,,,,,,,,,4414976,6/7/2018,
1,12,XYZ,123,xyz,80127,abc,abc,2020,LastName3,FirstName3,R,F,           ,0,11/26/2001,3,3,,,2020-06,,3,4/10/2018,5,Y,860,460,400,21,25,20,25,22,8,7,9,6,7,5,5,5,4,6,,,,,Y,,,,,,,,23,34,15,21,47,15,49,28,43,34,59,28,34,14,16,17,25,12,13,40,12,37,18,34,24,49,24,27,11,14,N,N,,52,3,3,2,2,4,1,4,1,2,3,4,2,4,1,3,2,4,2,3,2,2,1,3,4,2,3,3,4,2,4,4,1,4,3,2,1,2,3,2,4,3,4,1,2,2,1,4,4,2,2,4,2,16,36,0,,44,1,3,1,4,1,1,3,3,2,1,2,2,3,4,4,1,4,1,3,4,2,2,4,2,3,3,2,1,2,1,2,3,1,3,2,4,4,4,3,2,3,3,2,4,22,22,0,,15,5,1,3,2,4,2,1,1,1,2,4,4,2,3,1,1,6,O,O,O,O,3,13,4,,30,8,2,4,3,4,3,2,1,3,4,3,2,1,2,2,4,3,1,4,2,1,3,1,2,4,3,1,2,4,3,2,5,O,20,1.8,90,O,54,27,13,23,2,,4/10/2018,1,,1,1,,,,,,,,,,,,,,,,,,,,,,,,,,,,,,,,,,,,,,,,,,,,,,,,,,,,,,,,,,,2,,,,,,,,,,,,,,2,,,,,,,,,,,,,,,,,,2,,,,,,,,,,,,,,,,,,,,,,,,,,2,,,,,,,,,,,,,,,,,,,,,,,,,,,,,,,,,,,,,,,,,,,,,,,,,,,,,,,,,,,,,,,,,,,,,,,,,Y,,,,,,,,,,,,,,,,,,,,,,,,,,,,,,,,,,,,,,,,,,,,,,,,,,,,,,,,,,,,,,,,4414976,6/7/2018,
1,12,XYZ,123,xyz,80158,abc,abc,2019,LastName4,FirstName4,N,M,           ,0,1/30/2001,4,4,,Y,2019-06,,4,4/10/2018,6,Y,680,300,380,13,17,19,17,16,2,5,4,4,5,3,6,4,3,4,,,,,Y,,,,,,,,2,1,10,1,5,10,4,3,3,10,5,11,13,3,25,1,1,8,1,3,8,2,2,2,6,4,8,9,2,22,N,N,,52,4,3,2,2,1,3,4,3,1,4,1,4,2,1,1,O,O,O,O,O,O,O,O,O,O,O,O,O,O,O,O,O,O,O,O,O,O,O,O,O,O,O,O,O,O,O,O,O,O,O,O,O,5,10,37,,44,2,1,1,4,3,1,2,1,3,2,1,2,1,1,4,2,4,1,3,1,2,1,3,1,3,3,2,1,4,O,O,O,O,O,O,O,O,O,O,O,O,O,O,O,11,18,15,,15,5,1,2,3,3,1,4,1,1,4,3,4,2,2,3,O,O,O,O,O,O,3,11,6,,30,8,2,4,3,1,2,2,4,1,2,3,2,1,4,3,4,2,1,4,2,2,3,1,3,1,1,3,4,3,2,4,O,O,O,O,O,O,O,O,11,19,8,,1/29/2018,7,,1,1,,,,,,,,,,,,,,,,,,,,,,,,,,,,,,,,,,,,,,,,,,,,,2,,2,,,,2,,,,,,,,,,,,,,,,,,,,,,6,,,,,,,,,,,,,,2,,,,,,,,,,4,,2,,2,,,,2,,,,,,,,,,,,,,,,,,,,,,,,,,,,,,,,,,,,,,,,,,,,,,,,,,,,,,,,,,,,,,,,,,,,,,,,,,,,,,,,,,,,,,,,,,,,,,,,,,,,,,,,,,,,,,,,,,,,,,,,,,,,,,,,,,,,,,,,,52,,,,,,,,,,,,4414976,6/7/2018,
1,12,XYZ,123,xyz,80125,abc,abc,2019,LastName5,FirstName5,,M,           ,0,6/4/2001,5,5,,Y,2019-06,,5,4/10/2018,6,Y,730,380,350,20,18,17.5,20,18,3,7,4,5,5,4,4,2,2,3,,,,,Y,,,,,,,,6,11,5,17,9,5,16,8,5,34,5,19,13,7,9,4,6,4,9,6,4,9,5,3,24,4,14,9,5,8,N,N,,52,2,O,3,2,2,O,3,3,4,1,4,2,2,1,3,4,4,3,2,3,2,4,1,3,1,3,4,2,1,4,2,3,2,3,1,1,1,1,3,1,2,4,3,2,4,3,2,4,1,3,3,2,14,36,2,,44,3,4,1,3,1,1,2,3,1,1,2,4,1,2,2,3,1,4,3,3,2,3,1,4,3,1,2,3,2,1,3,4,2,2,1,3,2,1,2,4,3,1,1,3,12,32,0,,15,5,3,2,4,4,1,3,1,3,2,4,3,1,2,2,3,1.7,3.29,18,24,180,2,18,0,,30,8,3,4,4,3,3,2,3,1,3,4,2,3,2,3,2,4,3,2,3,4,2,1,4,2,3,3,1,2,2,3,6-Oct,65,16,1.5,73,14,30,34,10,28,0,,1/29/2018,7,,3,3,,,,,,,,,,,,,,,,,,,,,,,,,,,,,,,,,,,,,,,,,,,,,,,,,,,,,,,,,,,2,,,,,,2,,,,,,,,4,,,,,,,,,,,,,,2,,,,2,,,,,,,,,,2,,,,,,,,2,,,,,,,,,,,,,,,,,,,,,,,,,,,,,,,,,,,,,,,,,,,,,,,,,,,,,,,,,,,,,,,,,,,,,,,,,,,,,,,,,,,,,,,,,,,,,,,,,,,,,,,,,,,,,,,,,,,,,,,,,,,,,,,,,,,,,14,,,,,,,,,,,,4414976,6/7/2018,
1,12,XYZ,123,xyz,80196,abc,abc,2018,LastName6,FirstName6,,F,           ,0,12/18/1998,6,6,,Y,2018-06,,6,4/10/2018,6,Y,770,430,340,24,19,17,23,20,7,6,7,3,4,4,4,3,2,3,,,,,Y,,,,,,,,10,24,4,42,13,4,35,17,32,20,33,5,6,7,9,7,16,3,30,9,3,24,10,24,13,24,4,4,5,8,N,N,,52,2,3,4,2,1,2,1,3,2,3,4,2,2,1,3,1,3,1,2,3,2,1,3,1,2,3,2,1,3,1,2,4,2,2,1,2,1,2,1,2,3,2,3,1,2,2,3,2,4,1,4,4,21,31,0,,44,3,4,2,3,3,2,2,3,3,2,2,1,3,1,3,2,2,1,3,3,2,2,1,3,3,2,4,2,1,2,1,3,4,1,4,1,2,2,3,2,4,4,2,1,13,31,0,,15,5,3,4,1,3,2,3,1,3,2,1,3,2,1,2,3,20-Mar,12-Jan,2.11,4.03,0.016,4,16,0,,30,8,4,3,1,3,2,1,2,1,1,3,1,3,1,2,1,2,1,2,3,1,3,1,3,1,3,1,3,2,1,3,O,O,O,O,O,O,O,O,7,23,8,,1/29/2018,9,,3,3,,,,,,,,,,,,,,,,,,,,,,,,,,,,,,,,,,,,,,,,,,,,,,,,,,,,,,,,,,,2,,,,,,,,,,,,,,2,,,,,,,,,,,,,,2,,2,,2,,2,,,,,,2,,2,,,,2,,,,2,,,,,,,,,,,,,,,,,,,,,,,,,,,,,,,,,,,,,,,,,,,,,,,,,,,,,,,,,,,,,,,,,,,,,,,,,,,,,,,,,,,,,,,,,,,,,,,,,,,,,,,,,,,,,,,,,,,,,,,,,,,,,,,,,,,,,,,,,,,,,,,,1,4414976,6/7/2018,
1,12,XYZ,123,xyz,80158,abc,abc,2019,LastName7,FirstName7,A,F,           ,0,9/29/2000,7,7,,Y,2019-06,,7,4/10/2018,6,Y,930,450,480,24,21,24,23,26,7,6,7,5,8,9,6,4,2,3,,,,,Y,,,,,,,,35,31,40,42,22,40,35,56,32,20,33,19,48,62,25,27,22,34,30,17,34,24,43,24,13,24,14,41,57,22,N,N,,52,2,3,3,2,2,1,1,4,1,4,2,4,3,1,1,2,1,2,4,4,2,4,1,3,1,2,4,2,2,1,3,4,1,4,2,1,1,2,4,O,3,1,1,2,3,2,4,4,1,2,4,1,22,29,1,,44,4,2,2,4,2,4,1,3,4,2,4,1,4,4,4,1,3,1,3,1,1,2,4,1,1,1,3,1,2,1,4,2,3,2,4,4,3,1,3,4,2,1,4,1,17,27,0,,15,5,3,2,1,4,3,1,3,4,2,2,1,1,2,3,3,5,4,12,O,7,8,11,1,,30,8,3,4,1,2,4,2,1,4,2,3,2,4,1,3,1,4,1,2,2,4,1,2,3,2,4,2,2,2,3,3,3,6,67.5,2,9,2.4,24,48,15,23,0,,1/29/2018,5,,1,1,,,,,,,,,,,,,,,,,,,,,,,,,,,,,,,,,,,,,,,,,,,,,2,Y,2,Y,,,2,Y,,,,,,,,,,,,,,,,,,,,,2,Y,,,,,,,,,,,,,2,Y,,,2,,,,,,,,,,2,,,,2,,,,2,,,,,,,,,,,,,,,,,,,,,,,,,,,,,,,,,,,,,,,,,,,,,,,,,,,,,,,,,,,,,,,,,,,,,,,,,,,,,,,,,,,,,,,,,,,,,,,,,,,,,,,,,,,,,,,,,,,,,,,,,,,,,,,,,,,,,45.0401,,,,,,,,,,,1,4414976,6/7/2018,
1,12,XYZ,123,xyz,80140,abc,abc,2019,LastName8,FirstName8,,F,           ,0,11/29/2000,8,8,,,2019-06,,8,4/10/2018,6,Y,930,520,410,31,21,20.5,28,28,10,8,8,4,6,6,5,3,2,2,,,,,Y,,,,,,,,35,55,17,83,22,17,67,67,65,48,45,11,22,25,16,27,46,14,79,17,14,59,59,61,38,35,8,16,19,14,Y,N,,52,2,3,2,3,2,1,1,4,2,2,3,2,3,1,2,4,1,2,3,4,O,2,3,3,1,4,1,2,2,2,2,1,2,4,2,4,4,4,1,2,3,2,3,4,2,2,3,1,3,4,4,1,36,15,1,,44,4,3,4,3,4,3,4,3,4,1,4,1,4,1,4,1,4,1,4,1,O,2,4,2,4,2,4,3,3,3,1,1,2,3,2,2,1,2,1,2,1,3,4,1,17,26,1,,15,5,4,2,1,3,3,1,4,1,2,1,3,2,3,1,1,6,X,X,/ 3,1 3,6,14,0,,30,8,2,4,3,1,3,3,4,4,3,2,3,2,3,1,2,2,4,3,2,3,2,2,3,2,3,3,1,3,3,3,X,X,32,4.5,X,6,35,91,11,27,0,,1/29/2018,,,,,,,,,,,,,,,,,,,,,,,,,,,,,,,,,,,,,,,,,,,,,,,,,,,,,,,,,,,,,,,,,,,,,,,,,,,,,,,,,,,,,,,,,,,,,,,,,,,,,,,,,,,,,,,,,,,,,,,,,,,,,,,,,,,,,,,,,,,,,,,,,,,,,,,,,,,,,,,,,,,,,,,,,,,,,,,,,,,,,,,,,,,,,,,,,,,,,,,,,,,,,,,,,,,,,,,,,,,,,,,,,,,,,,,,,,,,,,,,,,,,,,,,,,,,,,,,,,4414976,6/7/2018,
1,12,XYZ,123,xyz,80156,abc,abc,2019,LastName9,FirstName9,T,M,           ,0,3/12/2001,9,9,,Y,2019-06,,9,4/10/2018,6,Y,900,410,490,21,20,24.5,20,22,7,6,5,6,5,11,6,3,2,5,,,,,Y,,,,,,,,29,19,44,21,18,44,16,28,32,20,12,28,13,84,25,22,12,37,13,12,37,9,18,24,13,8,24,9,79,22,N,N,,52,1,4,4,4,2,2,1,3,4,1,2,1,4,1,3,1,1,2,2,4,1,1,2,2,1,4,3,3,2,2,1,2,3,2,1,1,2,3,1,3,4,4,2,3,1,4,4,3,1,4,4,1,16,36,0,,44,3,3,1,4,1,4,3,2,3,1,1,1,3,2,3,1,4,2,3,4,2,3,4,2,1,3,2,3,4,1,3,1,2,4,3,4,4,2,2,1,4,1,2,1,15,29,0,,15,5,4,3,1,3,3,1,3,1,4,1,3,3,3,3,4,6,2,12,8,16,9,11,0,,30,8,2,4,3,1,3,1,2,3,4,3,3,1,4,4,4,3,1,3,1,4,4,2,3,1,4,2,3,3,4,3,4,55,18,1.6,135,137,48,33.7,15,23,0,,1/29/2018,5,,1,1,,,,,,,,,,,,,,,,,,,,,,,,,,,,,,,,,,,,,,,,,,,,,2,,2,,2,,2,,,,2,,2,,2,,,,,,,,,,,,,,4,,,,,,,,,,,,,,2,,2,,,,,,,,2,,2,,2,,,,2,,,,2,,2,,2,,,,,,,,,,,,,,,,,,,,,,,,,,,,,,,,,,,,,,,,,,,,,,,,,,,,,,,,,,,,,,,,,,,,,,,,,,,,,,,,,,,,,,,,,,,,,,,,,,,,,,,,,,,,,,,,,,,,,,,,,,,,,,,,,14,,14.1901,,,,,,,,,,4414976,6/7/2018,
